"자치구","안심 주소","CCTV 용도","WGS x좌표","WGS y좌표","CCTV 수량","수정 일시"
"용산구","서울특별시 용산구 청파동3가 청파로43길 63 ","도심공원","37.543558","126.966096","2","2019-12-12"
"용산구","서울특별시 용산구 동빙고동 녹사평대로14길 39 ","","37.522714","126.995862","1","2019-12-12"
"용산구","서울특별시 용산구 보광동 보광로12가길 29 ","","37.528089","127.000957","1","2019-12-12"
"용산구","서울특별시 용산구 한남동 이태원로 222 ","","37.534481","126.999332","1","2019-12-12"
"용산구","서울특별시 용산구 후암동 두텁바위로38가길 11 ","","37.546944","126.983996","1","2019-12-12"
"용산구","서울특별시 용산구 이촌동 이촌로 310 래미안 첼리투스","도심공원","37.517434","126.981411","4","2019-12-12"
"용산구","서울특별시 용산구 이촌동 이촌로 208 농협","도심공원","37.520706","126.970645","1","2019-12-12"
"용산구","(이촌동 408 강변공원)","도심공원","37.521536","126.975222","1","2019-12-12"
"용산구","서울특별시 용산구 한강로3가 한강대로 35 교보생명(주)","도심공원","37.524167","126.963536","1","2019-12-12"
"용산구","서울특별시 용산구 한강로3가 한강대로 35 교보생명(주)","도심공원","37.524205","126.963461","2","2019-12-12"
"용산구","서울특별시 용산구 이촌동 이촌로14길 11 ","도심공원","37.526856","126.954504","2","2019-12-12"
"용산구","서울특별시 용산구 보광동 보광로 45 ","도심공원","37.528031","126.998009","2","2019-12-12"
"용산구","서울특별시 용산구 산천동 효창원로 6 ","도심공원","37.533638","126.951915","1","2019-12-12"
"용산구","서울특별시 용산구 용산동3가 이태원로2길 5 삼각지 경로당","도심공원","37.534293","126.975650","2","2019-12-12"
"용산구","서울특별시 용산구 신창동 원효로35길 40 ","도심공원","37.534791","126.95667539","2","2019-12-12"
"용산구","서울특별시 용산구 이태원동 녹사평대로40나길 38 ","도심공원","37.536002","126.989697","5","2019-12-12"
"용산구","서울특별시 용산구 한남동 이태원로 235 ","도심공원","37.536565","126.999530","1","2019-12-12"
"용산구","서울특별시 용산구 한남동 이태원로 235 ","도심공원","37.536631","126.999567","1","2019-12-12"
"용산구","서울특별시 용산구 문배동 백범로90길 32 ","도심공원","37.536743","126.969824","1","2019-12-12"
"용산구","서울특별시 용산구 신창동 효창원로23길 24 ","도심공원","37.537060","126.954373","1","2019-12-12"
"용산구","서울특별시 용산구 이태원동 녹사평대로40나길 62 ","도심공원","37.537975","126.989215","3","2019-12-12"
"용산구","서울특별시 용산구 이태원동 녹사평대로46길 59 ","도심공원","37.538209","126.989052","1","2019-12-12"
"용산구","서울특별시 용산구 원효로1가 백범로90라길 29 ","도심공원","37.538257","126.969565","1","2019-12-12"
"용산구","서울특별시 용산구 원효로1가 백범로90라길 29 ","도심공원","37.538298","126.969637","1","2019-12-12"
"용산구","서울특별시 용산구 원효로1가 백범로90라길 29 ","도심공원","37.538320","126.969517","1","2019-12-12"
"용산구","서울특별시 용산구 원효로1가 백범로90라길 29 ","도심공원","37.538413","126.969561","1","2019-12-12"
"용산구","서울특별시 용산구 원효로1가 백범로90라길 29 ","도심공원","37.538504","126.969537","1","2019-12-12"
"용산구","서울특별시 용산구 문배동 원효로90길 34 ","도심공원","37.539321","126.970091","1","2019-12-12"
"용산구","서울특별시 용산구 원효로1가 백범로87길 42 ","도심공원","37.539335","126.969993","1","2019-12-12"
"용산구","서울특별시 용산구 문배동 원효로90길 34 ","도심공원","37.5393427","126.970065","1","2019-12-12"
"용산구","서울특별시 용산구 문배동 원효로90길 34 ","도심공원","37.539362","126.970014","1","2019-12-12"
"용산구","(이태원동 258-467 라틴아메리카공원)","도심공원","37.540678","126.997142","1","2019-12-12"
"용산구","서울특별시 용산구 이태원동 소월로40길 38 ","도심공원","37.541284","126.991633","1","2019-12-12"
"용산구","서울특별시 용산구 청파동3가 원효로97길 30 ","도심공원","37.542752","126.968315","2","2019-12-12"
"용산구","서울특별시 용산구 청파동3가 원효로97길 30 ","도심공원","37.542946","126.968664","4","2019-12-12"
"용산구","서울특별시 용산구 용산동2가 신흥로12길 5 ","도심공원","37.543297","126.988605","1","2019-12-12"
"용산구","서울특별시 용산구 용산동2가 신흥로12길 5 ","도심공원","37.543431","126.988728","1","2019-12-12"
"용산구","서울특별시 용산구 용산동2가 신흥로 94 ","도심공원","37.545013","126.984425","3","2019-12-12"
"용산구","서울특별시 용산구 용산동2가 신흥로 94 ","도심공원","37.545252","126.984445","1","2019-12-12"
"용산구","서울특별시 용산구 용산동2가 소월로26길 3 카쎈타","도심공원","37.545593","126.987729","1","2019-12-12"
"용산구","서울특별시 용산구 후암동 두텁바위로1가길 39 ","도심공원","37.548053","126.976501","3","2019-12-12"
"용산구","서울특별시 용산구 후암동 두텁바위로1가길 39 ","도심공원","37.548155","126.976278","4","2019-12-12"
"용산구","서울특별시 용산구 동자동 한강대로102길 11 ","도심공원","37.550132","126.973862","1","2019-12-12"
"용산구","서울특별시 용산구 서계동 만리재로24가길 1 ","도심공원","37.551337","126.964505","2","2019-12-12"
"용산구","서울특별시 용산구 서계동 만리재로24가길 1 ","도심공원","37.551345","126.964234","1","2019-12-12"
"용산구","서울특별시 용산구 동자동 한강대로 372 센트레빌아스테리움서울","도심공원","37.551957","126.973237","1","2019-12-12"
"용산구","서울특별시 용산구 동자동 한강대로 369 왕족발영동헤어","도심공원","37.551992","126.972829","1","2019-12-12"
"용산구","서울특별시 용산구 동자동 후암로 91 ","도심공원","37.552277","126.974387","3","2019-12-12"
"용산구","서울특별시 용산구 동자동 후암로 91 ","도심공원","37.552417","126.974189","2","2019-12-12"
"용산구","서울특별시 용산구 서계동 청파로 383 종근당건강빌딩","도심공원","37.553575","126.968031","2","2019-12-12"
"용산구","서울특별시 용산구 서계동 만리재로36길 15 ","도심공원","37.553826","126.967741","1","2019-12-12"
"용산구","(효창원로94다길 11)","방범","","","1","2019-12-12"
"용산구","(용산동6가 69-163 이촌지하보도 입구)","방범","37.517098","126.983527","1","2019-12-12"
"용산구","(서빙고동 241-21 신동아아파트 후문)","방범","37.517315","126.989508","2","2019-12-12"
"용산구","(이촌동 300-10 점보아파트 뒤 주차장 중간)","방범","37.517632","126.979170","1","2019-12-12"
"용산구","(용산동6가 69-163 쌍용종합전시관 옆 공원)","방범","37.517662","126.983612","3","2019-12-12"
"용산구","(용산동6가 69-11 이촌지하보도 내)","방범","37.517756","126.983184","3","2019-12-12"
"용산구","(이촌동 300-10 점보아파트 후문 경비초소 옆)","방범","37.517838","126.978534","1","2019-12-12"
"용산구","서울특별시 용산구 이촌동 이촌로 310 래미안 첼리투스","방범","37.517846","126.981559","1","2019-12-12"
"용산구","서울특별시 용산구 이촌동 이촌로 319 현대아파트","방범","37.517886","126.982848","2","2019-12-12"
"용산구","서울특별시 용산구 서빙고동 이촌로 347 신동아아파트","방범","37.517889","126.985426","1","2019-12-12"
"용산구","(용산동6가 69-11 동작대교 밑 주차장 내)","방범","37.517945","126.98307","4","2019-12-12"
"용산구","서울특별시 용산구 이촌동 이촌로 274 ","방범","37.518019","126.977997","1","2019-12-12"
"용산구","서울특별시 용산구 이촌동 이촌로 291 구두수선대","방범","37.518213","126.979097","2","2019-12-12"
"용산구","서울특별시 용산구 이촌동 이촌로 274 ","방범","37.518925","126.977080","1","2019-12-12"
"용산구","서울특별시 용산구 이촌동 이촌로 291 구두수선대","방범","37.518955","126.979465","2","2019-12-12"
"용산구","(서빙고동 241-5 서빙고역 육교)","방범","37.518981","126.989554","1","2019-12-12"
"용산구","(이촌동 300-166 한강맨션 15동 옆)","방범","37.519115","126.971749","1","2019-12-12"
"용산구","서울특별시 용산구 이촌동 이촌로87길 13 강촌아파트","방범","37.519214","126.978575","1","2019-12-12"
"용산구","서울특별시 용산구 서빙고동 서빙고로62길 35 ","방범","37.519415","126.991457","1","2019-12-12"
"용산구","서울특별시 용산구 서빙고동 서빙고로62길 27 한강르네상스아파트","방범","37.519505","126.99264","4","2019-12-12"
"용산구","서울특별시 용산구 이촌동 이촌로 245 로얄상가","방범","37.519603","126.974714","2","2019-12-12"
"용산구","서울특별시 용산구 이촌동 이촌로64길 24 ","방범","37.519649","126.970023","1","2019-12-12"
"용산구","서울특별시 용산구 이촌동 이촌로89길 32 이촌아파트","방범","37.519680","126.980594","1","2019-12-12"
"용산구","(이촌동 419 사촌1길 진입로)","방범","37.519922","126.966975","1","2019-12-12"
"용산구","서울특별시 용산구 이촌동 이촌로58길 12 ","방범","37.520185","126.968263","2","2019-12-12"
"용산구","서울특별시 용산구 이촌동 이촌로 206 국민은행","방범","37.520235","126.969203","1","2019-12-12"
"용산구","서울특별시 용산구 이촌동 이촌로81길 34 ","방범","37.520297","126.977005","1","2019-12-12"
"용산구","서울특별시 용산구 서빙고동 서빙고로 269 CGNTV","방범","37.520387","126.993226","1","2019-12-12"
"용산구","서울특별시 용산구 서빙고동 서빙고로 269 CGNTV","방범","37.520398","126.993435","2","2019-12-12"
"용산구","서울특별시 용산구 동빙고동 서빙고로 291 ","방범","37.520723","126.995252","3","2019-12-12"
"용산구","서울특별시 용산구 동빙고동 서빙고로 291 ","방범","37.520874","126.995152","3","2019-12-12"
"용산구","서울특별시 용산구 이촌동 이촌로46길 33 대한의사협회","방범","37.520969","126.966012","1","2019-12-12"
"용산구","(이촌동 399 충신교회 건너편)","방범","37.521030","126.971741","2","2019-12-12"
"용산구","서울특별시 용산구 동빙고동 서빙고로 295 장수장여관","방범","37.521082","126.996179","4","2019-12-12"
"용산구","서울특별시 용산구 이촌동 이촌로65가길 66 대영아파트","방범","37.521161","126.974431","2","2019-12-12"
"용산구","서울특별시 용산구 이촌동 이촌로 223 농업기술진흥관","방범","37.521208","126.972886","1","2019-12-12"
"용산구","서울특별시 용산구 이촌동 이촌로 156 빌라맨션","방범","37.521318","126.964977","2","2019-12-12"
"용산구","서울특별시 용산구 동빙고동 서빙고로 295 장수장여관","방범","37.521322","126.996546","4","2019-12-12"
"용산구","서울특별시 용산구 이촌동 이촌로 223 농업기술진흥관","방범","37.521567","126.972929","1","2019-12-12"
"용산구","서울특별시 용산구 서빙고동 녹사평대로11가길 5 ","방범","37.521615","126.993829","1","2019-12-12"
"용산구","(이촌동 301-78 용강중학교 옆)","방범","37.521662","126.975443","1","2019-12-12"
"용산구","서울특별시 용산구 이촌동 이촌로 174 동부센트레빌아파트","방범","37.521716","126.966183","2","2019-12-12"
"용산구","(이촌동 302-87 충신교회 주차장 옆)","방범","37.521812","126.963716","2","2019-12-12"
"용산구","서울특별시 용산구 동빙고동 서빙고로67길 16 ","방범","37.521856","126.995575","1","2019-12-12"
"용산구","서울특별시 용산구 동빙고동 서빙고로 295 장수장여관","방범","37.521902","126.996803","3","2019-12-12"
"용산구","서울특별시 용산구 동빙고동 서빙고로67길 16 ","방범","37.521969","126.995864","1","2019-12-12"
"용산구","서울특별시 용산구 동빙고동 서빙고로67길 18 동서연립","방범","37.521972","126.994507","4","2019-12-12"
"용산구","서울특별시 용산구 용산동5가 서빙고로 83 4호선 이촌역","방범","37.522045","126.973253","2","2019-12-12"
"용산구","서울특별시 용산구 이촌동 이촌로65가길 3 한강대우아파트","방범","37.522102","126.971209","2","2019-12-12"
"용산구","서울특별시 용산구 동빙고동 서빙고로73길 24 ","방범","37.522109","126.996473","5","2019-12-12"
"용산구","서울특별시 용산구 한강로3가 서빙고로 50 ","방범","37.522136","126.969926","1","2019-12-12"
"용산구","(서빙고동 4-108 미군부대 정문 앞)","방범","37.522279","126.990873","3","2019-12-12"
"용산구","서울특별시 용산구 용산동5가 서빙고로 83 4호선 이촌역","방범","37.522280","126.973266","1","2019-12-12"
"용산구","서울특별시 용산구 동빙고동 녹사평대로14길 39 ","방범","37.522285","126.995823","3","2019-12-12"
"용산구","서울특별시 용산구 주성동 서빙고로91가길 9 ","방범","37.522364","126.9981","3","2019-12-12"
"용산구","서울특별시 용산구 한강로3가 한강대로14가길 45 ","방범","37.522486","126.963469","2","2019-12-12"
"용산구","(이촌동 406 한가람아파트 219동 옆)","방범","37.522602","126.972485","1","2019-12-12"
"용산구","서울특별시 용산구 동빙고동 서빙고로75길 22 ","방범","37.522788","126.997361","2","2019-12-12"
"용산구","서울특별시 용산구 주성동 서빙고로91길 60 ","방범","37.522845","127.000376","3","2019-12-12"
"용산구","서울특별시 용산구 주성동 서빙고로91가길 9 ","방범","37.522899","126.998875","1","2019-12-12"
"용산구","(이촌동 400 이촌현대한강 아파트 102동 뒷길)","방범","37.522952","126.957768","2","2019-12-12"
"용산구","서울특별시 용산구 한강로3가 서빙고로22길 6 ","방범","37.523028","126.968054","1","2019-12-12"
"용산구","서울특별시 용산구 한강로3가 이촌로 105 ","방범","37.523075","126.959328","2","2019-12-12"
"용산구","서울특별시 용산구 동빙고동 녹사평대로14길 29 ","방범","37.523140","126.995763","3","2019-12-12"
"용산구","서울특별시 용산구 한강로3가 한강대로10길 13 알베로 소망마트","방범","37.523169","126.964077","3","2019-12-12"
"용산구","서울특별시 용산구 이촌동 이촌로 100 ","방범","37.523216","126.958416","3","2019-12-12"
"용산구","서울특별시 용산구 용산동5가 서빙고로 85 ","방범","37.523222","126.973680","1","2019-12-12"
"용산구","(이촌동 400 현대한강 101동 12호 라인 뒤쪽 한강공원 출구","방범","37.523327","126.956903","2","2019-12-12"
"용산구","(이촌동 172-1 현대한강 뒤편 육교가는길)","방범","37.523475","126.95669","1","2019-12-12"
"용산구","서울특별시 용산구 동빙고동 녹사평대로14길 7 동빙고어린이집","방범","37.523594","126.993646","4","2019-12-12"
"용산구","서울특별시 용산구 한강로3가 이촌로 115 ","방범","37.523748","126.960843","1","2019-12-12"
"용산구","서울특별시 용산구 한강로3가 이촌로 115 ","방범","37.523761","126.960837","1","2019-12-12"
"용산구","서울특별시 용산구 동빙고동 서빙고로71길 74 ","방범","37.523865","126.996552","2","2019-12-12"
"용산구","서울특별시 용산구 이촌동 이촌로22길 13 서부아파트","방범","37.524177","126.956539","3","2019-12-12"
"용산구","서울특별시 용산구 한강로3가 이촌로 101 한진빌딩","방범","37.524279","126.959543","2","2019-12-12"
"용산구","서울특별시 용산구 이촌동 이촌로22길 13 서부아파트","방범","37.524293","126.956694","1","2019-12-12"
"용산구","서울특별시 용산구 한강로3가 한강대로 29 ","방범","37.524303","126.962217","1","2019-12-12"
"용산구","서울특별시 용산구 이촌동 이촌로22길 13 서부아파트","방범","37.524447","126.956889","2","2019-12-12"
"용산구","서울특별시 용산구 동빙고동 서빙고로91나길 64 ","방범","37.524463","126.996702","3","2019-12-12"
"용산구","서울특별시 용산구 한강로3가 이촌로29길 38 ","방범","37.524540","126.961981","1","2019-12-12"
"용산구","서울특별시 용산구 한강로3가 한강대로10길 11 ","방범","37.524595","126.965529","1","2019-12-12"
"용산구","서울특별시 용산구 한강로3가 이촌로29길 38 ","방범","37.524669","126.961715","1","2019-12-12"
"용산구","서울특별시 용산구 용산동5가 서빙고로 67 파크타워","방범","37.524760","126.971608","1","2019-12-12"
"용산구","서울특별시 용산구 이촌동 이촌로 80 새남터천주교회","방범","37.524869","126.957492","3","2019-12-12"
"용산구","서울특별시 용산구 이촌동 이촌로 80 새남터천주교회","방범","37.5249","126.957496","2","2019-12-12"
"용산구","서울특별시 용산구 한강로3가 이촌로29길 16 ","방범","37.524933","126.960595","1","2019-12-12"
"용산구","서울특별시 용산구 보광동 장문로 68 ","방범","37.525011","126.997628","2","2019-12-12"
"용산구","서울특별시 용산구 보광동 보광로 17 ","방범","37.525168","127.000932","3","2019-12-12"
"용산구","서울특별시 용산구 이촌동 이촌로18길 3 ","방범","37.525321","126.955747","3","2019-12-12"
"용산구","서울특별시 용산구 한강로3가 이촌로 73 ","방범","37.525458","126.956041","3","2019-12-12"
"용산구","서울특별시 용산구 한강로3가 한강대로11길 13 용일빌딩","방범","37.525616","126.962023","1","2019-12-12"
"용산구","서울특별시 용산구 보광동 장문로 76 ","방범","37.525635","126.998528","3","2019-12-12"
"용산구","서울특별시 용산구 보광동 보광로 3 차병원공업사","방범","37.525638","127.001086","3","2019-12-12"
"용산구","서울특별시 용산구 보광동 장문로 86 ","방범","37.525662","126.999208","1","2019-12-12"
"용산구","서울특별시 용산구 이촌동 이촌로18길 21 ","방범","37.525701","126.954281","3","2019-12-12"
"용산구","서울특별시 용산구 동빙고동 서빙고로91나길 100 ","방범","37.525872","126.996232","3","2019-12-12"
"용산구","서울특별시 용산구 한강로3가 이촌로 73 ","방범","37.525917","126.956503","3","2019-12-12"
"용산구","서울특별시 용산구 이촌동 이촌로18길 3 ","방범","37.525948","126.955472","3","2019-12-12"
"용산구","서울특별시 용산구 이촌동 이촌로14길 11 ","방범","37.526036","126.954932","4","2019-12-12"
"용산구","서울특별시 용산구 한강로3가 한강대로15길 8 ","방범","37.526128","126.963430","4","2019-12-12"
"용산구","서울특별시 용산구 보광동 장문로 77 홍일빌딩","방범","37.526261","126.998815","4","2019-12-12"
"용산구","서울특별시 용산구 보광동 서빙고로95길 6 ","방범","37.526262","127.003020","1","2019-12-12"
"용산구","서울특별시 용산구 보광동 장문로 67 ","방범","37.526265","126.997603","2","2019-12-12"
"용산구","서울특별시 용산구 보광동 장문로 67 ","방범","37.526283","126.997979","2","2019-12-12"
"용산구","서울특별시 용산구 이촌동 이촌로 55 ","방범","37.526326","126.955482","3","2019-12-12"
"용산구","서울특별시 용산구 이촌동 이촌로14길 11 ","방범","37.526343","126.954115","1","2019-12-12"
"용산구","서울특별시 용산구 이촌동 이촌로14길 11 ","방범","37.526409","126.954051","1","2019-12-12"
"용산구","서울특별시 용산구 한강로3가 한강대로15길 8 ","방범","37.526541","126.963717","5","2019-12-12"
"용산구","서울특별시 용산구 보광동 장문로 67 ","방범","37.526594","126.997725","2","2019-12-12"
"용산구","서울특별시 용산구 보광동 장문로 77 홍일빌딩","방범","37.526623","126.998609","1","2019-12-12"
"용산구","서울특별시 용산구 보광동 장문로 67 ","방범","37.526730","126.997376","3","2019-12-12"
"용산구","서울특별시 용산구 보광동 장문로 104 신동아아파트","방범","37.526742","127.001039","3","2019-12-12"
"용산구","서울특별시 용산구 보광동 서빙고로 381 보광세차장","방범","37.526924","127.002359","3","2019-12-12"
"용산구","서울특별시 용산구 보광동 보광로 25 ","방범","37.526953","126.999211","2","2019-12-12"
"용산구","서울특별시 용산구 보광동 보광로21길 26 ","방범","37.527008","126.997156","3","2019-12-12"
"용산구","서울특별시 용산구 보광동 보광로12가길 5 ","방범","37.527016","127.001564","2","2019-12-12"
"용산구","서울특별시 용산구 이촌동 이촌로 46 이촌태권도체육관","방범","37.527052","126.954041","3","2019-12-12"
"용산구","서울특별시 용산구 이촌동 이촌로 46 이촌태권도체육관","방범","37.527057","126.954586","3","2019-12-12"
"용산구","서울특별시 용산구 보광동 보광로12가길 5 ","방범","37.527102","127.001565","1","2019-12-12"
"용산구","서울특별시 용산구 보광동 보광로 30 보광시장상가(주)","방범","37.527146","127.000458","3","2019-12-12"
"용산구","서울특별시 용산구 보광동 보광로21길 26 ","방범","37.527283","126.997692","2","2019-12-12"
"용산구","서울특별시 용산구 보광동 보광로19길 13 ","방범","37.527362","126.998368","4","2019-12-12"
"용산구","서울특별시 용산구 한강로3가 한강대로21길 25 한국여성단체협의회","방범","37.527434","126.963084","3","2019-12-12"
"용산구","서울특별시 용산구 보광동 장문로 125 ","방범","37.527516","127.003611","3","2019-12-12"
"용산구","서울특별시 용산구 이촌동 이촌로 46 이촌태권도체육관","방범","37.527529","126.954284","1","2019-12-12"
"용산구","서울특별시 용산구 이촌동 이촌로 46 이촌태권도체육관","방범","37.527571","126.954524","4","2019-12-12"
"용산구","서울특별시 용산구 보광동 장문로 116 ","방범","37.527645","127.002381","1","2019-12-12"
"용산구","서울특별시 용산구 동빙고동 장문로9가길 33 ","방범","37.527706","126.99699","3","2019-12-12"
"용산구","서울특별시 용산구 보광동 보광로19길 13 ","방범","37.527822","126.998227","1","2019-12-12"
"용산구","서울특별시 용산구 한남동 서빙고로 413 한남동 하이페리온","방범","37.527980","127.005752","4","2019-12-12"
"용산구","서울특별시 용산구 보광동 장문로41가길 3 ","방범","37.528313","127.002099","2","2019-12-12"
"용산구","서울특별시 용산구 보광동 보광로 51 ","방범","37.528319","126.997304","3","2019-12-12"
"용산구","(보광로25길 5 (보광동 231-122) 이레공인중개사 안쪽 골목)","방범","37.52835","37.52835","2","2019-12-12"
"용산구","서울특별시 용산구 이촌동 이촌로2가길 29 ","방범","37.528452","126.953922","3","2019-12-12"
"용산구","서울특별시 용산구 보광동 보광로12가길 29 ","방범","37.528493","127.000719","2","2019-12-12"
"용산구","서울특별시 용산구 보광동 보광로12가길 29 ","방범","37.528587","127.000991","1","2019-12-12"
"용산구","서울특별시 용산구 보광동 장문로41가길 5 ","방범","37.528670","127.001702","1","2019-12-12"
"용산구","서울특별시 용산구 이촌동 이촌로2가길 29 ","방범","37.528794","126.953851","2","2019-12-12"
"용산구","서울특별시 용산구 한남동 서빙고로 417 한남동 하이페리온 Ⅱ","방범","37.528796","127.005695","1","2019-12-12"
"용산구","서울특별시 용산구 보광동 보광로30가길 6 ","방범","37.529102","126.999982","1","2019-12-12"
"용산구","서울특별시 용산구 보광동 보광로12가길 52 ","방범","37.529121","127.000519","4","2019-12-12"
"용산구","서울특별시 용산구 보광동 보광로 61 ","방범","37.529131","126.997962","3","2019-12-12"
"용산구","서울특별시 용산구 보광동 보광로 56 ","방범","37.529217","126.998798","3","2019-12-12"
"용산구","서울특별시 용산구 한남동 우사단로10길 165 ","방범","37.529239","127.003780","3","2019-12-12"
"용산구","서울특별시 용산구 한남동 대사관로34나길 11 ","방범","37.529361","127.005223","1","2019-12-12"
"용산구","서울특별시 용산구 보광동 우사단로10마길 7 ","방범","37.529395","127.002079","2","2019-12-12"
"용산구","서울특별시 용산구 한남동 독서당로 11 ","방범","37.529548","127.006043","3","2019-12-12"
"용산구","서울특별시 용산구 한남동 대사관로34나길 32 ","방범","37.529608","127.004876","2","2019-12-12"
"용산구","서울특별시 용산구 보광동 보광로30가길 6 ","방범","37.529753","126.999151","3","2019-12-12"
"용산구","서울특별시 용산구 보광동 보광로12가길 52 ","방범","37.529764","127.000256","1","2019-12-12"
"용산구","서울특별시 용산구 보광동 보광로12가길 52 ","방범","37.529805","127.00008","1","2019-12-12"
"용산구","서울특별시 용산구 이촌동 이촌로 16 문화장여관","방범","37.529806","126.954396","3","2019-12-12"
"용산구","서울특별시 용산구 한강로2가 한강대로38가길 7 은풍빌딩","방범","37.529824","126.969805","3","2019-12-12"
"용산구","서울특별시 용산구 한남동 대사관로34나길 11 ","방범","37.529945","127.005938","1","2019-12-12"
"용산구","서울특별시 용산구 이촌동 이촌로2가길 1 이촌119안전센터","방범","37.530007","126.953148","3","2019-12-12"
"용산구","서울특별시 용산구 한남동 독서당로14길 54 ","방범","37.530021","127.008661","1","2019-12-12"
"용산구","서울특별시 용산구 한남동 독서당로14길 63 어수빌라","방범","37.530068","127.009334","1","2019-12-12"
"용산구","서울특별시 용산구 보광동 보광로30가길 17 ","방범","37.530084","126.998673","1","2019-12-12"
"용산구","서울특별시 용산구 한강로2가 한강대로40길 9 ","방범","37.530114","126.970973","1","2019-12-12"
"용산구","서울특별시 용산구 한강로2가 새창로 209 가든장모텔","방범","37.530125","126.967415","3","2019-12-12"
"용산구","서울특별시 용산구 한강로2가 한강대로 118 서울용산우체국","방범","37.530213","126.969791","2","2019-12-12"
"용산구","서울특별시 용산구 한남동 대사관로34다길 51 ","방범","37.530296","127.003169","3","2019-12-12"
"용산구","서울특별시 용산구 보광동 보광로30가길 17 ","방범","37.530316","126.998145","2","2019-12-12"
"용산구","서울특별시 용산구 보광동 우사단로2가길 14 ","방범","37.530397","127.000095","3","2019-12-12"
"용산구","서울특별시 용산구 보광동 우사단로2가길 14 ","방범","37.530506","127.000921","1","2019-12-12"
"용산구","서울특별시 용산구 보광동 보광로 72 서울빌라","방범","37.530599","126.997626","4","2019-12-12"
"용산구","서울특별시 용산구 한남동 대사관로30가길 71 ","방범","37.530609","127.002671","1","2019-12-12"
"용산구","서울특별시 용산구 한강로2가 한강대로40길 9 ","방범","37.530669","126.970898","4","2019-12-12"
"용산구","서울특별시 용산구 한남동 대사관로34다길 51 ","방범","37.530675","127.003865","3","2019-12-12"
"용산구","서울특별시 용산구 보광동 보광로30가길 17 ","방범","37.530701","126.998982","1","2019-12-12"
"용산구","서울특별시 용산구 한남동 대사관로30가길 71 ","방범","37.530756","127.002289","1","2019-12-12"
"용산구","서울특별시 용산구 보광동 우사단로2가길 9 ","방범","37.530795","126.999865","4","2019-12-12"
"용산구","서울특별시 용산구 한남동 대사관로30나길 21 ","방범","37.530894","127.004644","1","2019-12-12"
"용산구","서울특별시 용산구 한남동 대사관로30나길 21 ","방범","37.530941","127.004838","3","2019-12-12"
"용산구","서울특별시 용산구 한강로2가 한강대로 115 대우디오빌","방범","37.530952","126.968093","3","2019-12-12"
"용산구","서울특별시 용산구 이태원동 우사단로 5 ","방범","37.531002","126.996187","1","2019-12-12"
"용산구","서울특별시 용산구 이태원동 우사단로6길 12 ","방범","37.531018","126.997563","2","2019-12-12"
"용산구","서울특별시 용산구 한남동 우사단로10길 95 ","방범","37.531087","127.000858","2","2019-12-12"
"용산구","서울특별시 용산구 한남동 유엔빌리지길 68 ","방범","37.531115","127.010313","3","2019-12-12"
"용산구","서울특별시 용산구 이태원동 보광로 90 태광빌딩","방범","37.531120","126.995805","3","2019-12-12"
"용산구","서울특별시 용산구 한남동 대사관로30가길 50 ","방범","37.531165","127.002411","1","2019-12-12"
"용산구","서울특별시 용산구 한강로3가 이촌로 5 한강그랜드오피스텔","방범","37.531195","126.954659","3","2019-12-12"
"용산구","서울특별시 용산구 보광동 우사단로10길 70 ","방범","37.531338","126.999028","2","2019-12-12"
"용산구","서울특별시 용산구 한남동 대사관로30가길 30 ","방범","37.531466","127.003483","4","2019-12-12"
"용산구","서울특별시 용산구 한강로1가 한강대로52길 25 ","방범","37.531470","126.972185","1","2019-12-12"
"용산구","서울특별시 용산구 이태원동 우사단로6길 12 ","방범","37.531499","126.997862","4","2019-12-12"
"용산구","서울특별시 용산구 한강로2가 한강대로39길 6 ","방범","37.531527","126.968475","2","2019-12-12"
"용산구","서울특별시 용산구 한남동 대사관로30길 30 ","방범","37.531682","127.005386","2","2019-12-12"
"용산구","서울특별시 용산구 이태원동 녹사평대로26길 26 ","방범","37.531792","126.991997","1","2019-12-12"
"용산구","서울특별시 용산구 한남동 대사관로30길 30 ","방범","37.531821","127.005236","1","2019-12-12"
"용산구","서울특별시 용산구 한남동 대사관로30가길 50 ","방범","37.531833","127.002025","2","2019-12-12"
"용산구","서울특별시 용산구 한남동 대사관로30가길 11 ","방범","37.531861","127.004177","1","2019-12-12"
"용산구","서울특별시 용산구 한강로2가 청파로20길 43 ","방범","37.531883","126.965365","3","2019-12-12"
"용산구","서울특별시 용산구 이태원동 보광로 95 Buytheway","방범","37.531907","126.994225","3","2019-12-12"
"용산구","서울특별시 용산구 한남동 우사단로10길 95 ","방범","37.531928","127.000527","2","2019-12-12"
"용산구","서울특별시 용산구 이태원동 우사단로10길 30 ","방범","37.532043","126.997702","1","2019-12-12"
"용산구","서울특별시 용산구 한남동 대사관로12길 13 프리베빌라","방범","37.532076","127.001294","2","2019-12-12"
"용산구","서울특별시 용산구 이태원동 우사단로10길 30 ","방범","37.532128","126.997819","2","2019-12-12"
"용산구","서울특별시 용산구 한남동 대사관로6가길 8 ","방범","37.532283","126.998124","1","2019-12-12"
"용산구","서울특별시 용산구 원효로3가 원효로 97 ","방범","37.532354","126.954338","1","2019-12-12"
"용산구","서울특별시 용산구 한남동 대사관로6가길 8 ","방범","37.532377","126.998234","1","2019-12-12"
"용산구","서울특별시 용산구 한남동 대사관로12길 13 프리베빌라","방범","37.532387","127.001660","3","2019-12-12"
"용산구","서울특별시 용산구 이태원동 녹사평대로26가길 25 ","방범","37.532427","126.993733","3","2019-12-12"
"용산구","서울특별시 용산구 한남동 대사관로16길 13 ","방범","37.532583","127.002548","1","2019-12-12"
"용산구","서울특별시 용산구 한남동 대사관로24가길 1 ","방범","37.532588","127.004080","1","2019-12-12"
"용산구","서울특별시 용산구 한남동 대사관로6가길 10 ","방범","37.532601","126.999498","4","2019-12-12"
"용산구","서울특별시 용산구 원효로3가 청파로 59 ","방범","37.532634","126.957503","3","2019-12-12"
"용산구","서울특별시 용산구 한강로2가 새창로 181 선인상가","방범","37.532651","126.964202","3","2019-12-12"
"용산구","서울특별시 용산구 원효로3가 원효로 97 ","방범","37.532909","126.954663","2","2019-12-12"
"용산구","서울특별시 용산구 이태원동 녹사평대로32길 59 ","방범","37.532950","126.991190","2","2019-12-12"
"용산구","서울특별시 용산구 이태원동 우사단로10길 30 ","방범","37.532980","126.997944","1","2019-12-12"
"용산구","서울특별시 용산구 이태원동 녹사평대로26가길 25 ","방범","37.532985","126.993698","4","2019-12-12"
"용산구","서울특별시 용산구 한강로1가 한강대로52길 25 ","방범","37.532987","126.973510","1","2019-12-12"
"용산구","서울특별시 용산구 이태원동 녹사평대로26가길 1 ","방범","37.532993","126.992570","3","2019-12-12"
"용산구","서울특별시 용산구 한남동 한남대로 48 수도빌딩","방범","37.533002","127.008882","1","2019-12-12"
"용산구","서울특별시 용산구 원효로4가 원효로19길 3 ","방범","37.533028","126.952618","1","2019-12-12"
"용산구","서울특별시 용산구 한강로1가 한강대로62길 23 유진빌딩","방범","37.533155","126.973996","2","2019-12-12"
"용산구","서울특별시 용산구 원효로3가 원효로 103 ","방범","37.533268","126.955835","2","2019-12-12"
"용산구","서울특별시 용산구 한남동 대사관로6가길 17 ","방범","37.533281","126.999016","3","2019-12-12"
"용산구","서울특별시 용산구 이태원동 보광로55길 24 ","방범","37.533285","126.992268","3","2019-12-12"
"용산구","서울특별시 용산구 이태원동 보광로59길 36 ","방범","37.533303","126.991496","3","2019-12-12"
"용산구","서울특별시 용산구 원효로3가 원효로19가길 4 ","방범","37.533429","126.954852","3","2019-12-12"
"용산구","서울특별시 용산구 신계동 새창로49길 7 ","방범","37.533438","126.963942","2","2019-12-12"
"용산구","서울특별시 용산구 한강로1가 한강대로 157 ","방범","37.533456","126.971522","2","2019-12-12"
"용산구","서울특별시 용산구 이태원동 우사단로 31 ","방범","37.533505","126.995546","2","2019-12-12"
"용산구","서울특별시 용산구 한강로2가 한강대로53길 41 벽산물류","방범","37.533514","126.969904","3","2019-12-12"
"용산구","서울특별시 용산구 이태원동 보광로55길 24 ","방범","37.533522","126.992676","3","2019-12-12"
"용산구","서울특별시 용산구 원효로3가 원효로 113 ","방범","37.533554","126.956371","1","2019-12-12"
"용산구","서울특별시 용산구 원효로4가 원효로19길 3 ","방범","37.533606","126.952809","1","2019-12-12"
"용산구","서울특별시 용산구 이태원동 녹사평대로 168 ","방범","37.533631","126.99058","2","2019-12-12"
"용산구","서울특별시 용산구 원효로3가 원효로19가길 4 ","방범","37.533644","126.954771","1","2019-12-12"
"용산구","서울특별시 용산구 이태원동 보광로59길 36 ","방범","37.533727","126.991026","1","2019-12-12"
"용산구","서울특별시 용산구 한남동 대사관로 63 한남치과","방범","37.533734","127.005781","2","2019-12-12"
"용산구","서울특별시 용산구 한강로1가 한강대로62길 23 유진빌딩","방범","37.533947","126.973623","3","2019-12-12"
"용산구","서울특별시 용산구 이태원동 보광로 114 ","방범","37.533979","126.994969","3","2019-12-12"
"용산구","서울특별시 용산구 한남동 대사관로 20 ","방범","37.534025","127.000102","3","2019-12-12"
"용산구","서울특별시 용산구 원효로3가 원효로 137 ","방범","37.534028","126.958019","5","2019-12-12"
"용산구","서울특별시 용산구 원효로4가 효창원로12가길 3 ","방범","37.534042","126.953084","4","2019-12-12"
"용산구","서울특별시 용산구 한남동 대사관로11길 8 ","방범","37.534064","127.002671","4","2019-12-12"
"용산구","서울특별시 용산구 이태원동 이태원로 199 ","방범","37.534066","126.996220","2","2019-12-12"
"용산구","서울특별시 용산구 신창동 원효로35길 31 ","방범","37.534135","126.955609","2","2019-12-12"
"용산구","서울특별시 용산구 한남동 대사관로31길 17 ","방범","37.534181","127.005863","1","2019-12-12"
"용산구","서울특별시 용산구 신창동 원효로35길 31 ","방범","37.534227","126.955123","2","2019-12-12"
"용산구","서울특별시 용산구 한남동 이태원로 208 제임스클럽","방범","37.534252","126.997802","3","2019-12-12"
"용산구","서울특별시 용산구 원효로2가 새창로 143 ","방범","37.534267","126.962189","1","2019-12-12"
"용산구","서울특별시 용산구 원효로3가 원효로 133 ","방범","37.534306","126.957731","2","2019-12-12"
"용산구","서울특별시 용산구 신창동 원효로35길 40 ","방범","37.534329","126.956296","1","2019-12-12"
"용산구","서울특별시 용산구 산천동 효창원로 12 ","방범","37.534384","126.951363","1","2019-12-12"
"용산구","서울특별시 용산구 한강로1가 이태원로 6 서울지방보훈청","방범","37.534387","126.974463","1","2019-12-12"
"용산구","서울특별시 용산구 이태원동 녹사평대로40길 41 ","방범","37.534421","126.988298","3","2019-12-12"
"용산구","서울특별시 용산구 원효로4가 효창원로12가길 3 ","방범","37.534513","126.953166","3","2019-12-12"
"용산구","서울특별시 용산구 용산동3가 이태원로2길 5 삼각지 경로당","방범","37.534545","126.975120","2","2019-12-12"
"용산구","서울특별시 용산구 신창동 원효로35길 40 ","방범","37.534689","126.95660139","1","2019-12-12"
"용산구","서울특별시 용산구 원효로2가 원효로56길 21 ","방범","37.534705","126.963645","1","2019-12-12"
"용산구","서울특별시 용산구 원효로2가 새창로 143 ","방범","37.534782","126.962977","4","2019-12-12"
"용산구","서울특별시 용산구 이태원동 이태원로 163 ","방범","37.534861","126.992715","2","2019-12-12"
"용산구","서울특별시 용산구 신창동 원효로35나길 14 ","방범","37.535003","126.956087","2","2019-12-12"
"용산구","서울특별시 용산구 산천동 효창원로13길 7 리버힐삼성아파트","방범","37.535019","126.952869","1","2019-12-12"
"용산구","서울특별시 용산구 신창동 효창원로 43 ","방범","37.535066","126.954741","3","2019-12-12"
"용산구","서울특별시 용산구 이태원동 이태원로27가길 5 ","방범","37.535074","126.995354","1","2019-12-12"
"용산구","서울특별시 용산구 청암동 원효로1길 28 ","방범","37.535122","126.946108","1","2019-12-12"
"용산구","서울특별시 용산구 원효로3가 원효로41길 33 ","방범","37.53514","126.9599531","3","2019-12-12"
"용산구","서울특별시 용산구 이태원동 녹사평대로40다길 40 현대빌라","방범","37.535164","126.990959","2","2019-12-12"
"용산구","서울특별시 용산구 신창동 효창원로 54 ","방범","37.535186","126.955483","1","2019-12-12"
"용산구","서울특별시 용산구 한강로1가 한강대로 179 ","방범","37.535194","126.972960","3","2019-12-12"
"용산구","서울특별시 용산구 한남동 독서당로 95 몽골대사관","방범","37.535223","127.010727","1","2019-12-12"
"용산구","서울특별시 용산구 청암동 원효로1길 28 ","방범","37.535224","126.946031","2","2019-12-12"
"용산구","서울특별시 용산구 신창동 효창원로 35 ","방범","37.535268","126.953349","3","2019-12-12"
"용산구","서울특별시 용산구 이태원동 이태원로19길 40 ","방범","37.535281","126.992525","2","2019-12-12"
"용산구","서울특별시 용산구 한남동 대사관로5길 14 ","방범","37.535349","127.000376","1","2019-12-12"
"용산구","서울특별시 용산구 이태원동 이태원로15길 30 ","방범","37.535502","126.991704","1","2019-12-12"
"용산구","서울특별시 용산구 원효로2가 원효로 153 ","방범","37.535552","126.960817","3","2019-12-12"
"용산구","서울특별시 용산구 이태원동 녹사평대로40길 55 ","방범","37.535619","126.989815","3","2019-12-12"
"용산구","서울특별시 용산구 이태원동 녹사평대로40가길 3 ","방범","37.535820","126.988624","3","2019-12-12"
"용산구","서울특별시 용산구 신창동 효창원로 54 ","방범","37.535824","126.955265","3","2019-12-12"
"용산구","서울특별시 용산구 한남동 대사관로11길 31 ","방범","37.535873","127.001120","1","2019-12-12"
"용산구","서울특별시 용산구 원효로3가 원효로41길 33 ","방범","37.535960","126.959955","3","2019-12-12"
"용산구","서울특별시 용산구 한강로1가 백범로 381 ","방범","37.536198","126.971824","3","2019-12-12"
"용산구","서울특별시 용산구 용문동 새창로 116 ","방범","37.536249","126.960266","1","2019-12-12"
"용산구","서울특별시 용산구 신창동 효창원로 53 ","방범","37.536288","126.955325","2","2019-12-12"
"용산구","서울특별시 용산구 한남동 이태원로42길 46 ","방범","37.536357","127.001465","2","2019-12-12"
"용산구","서울특별시 용산구 이태원동 녹사평대로40다길 42 오렌지카운티","방범","37.536364","126.990331","2","2019-12-12"
"용산구","서울특별시 용산구 원효로2가 원효로 179 신한은행","방범","37.536418","126.962032","4","2019-12-12"
"용산구","서울특별시 용산구 이태원동 녹사평대로 206 ","방범","37.536427","126.987445","1","2019-12-12"
"용산구","서울특별시 용산구 용문동 효창원로 75 ","방범","37.536495","126.956022","1","2019-12-12"
"용산구","서울특별시 용산구 신창동 효창원로23가길 4 신창파크빌","방범","37.536576","126.954321","2","2019-12-12"
"용산구","서울특별시 용산구 이태원동 녹사평대로40나길 38 ","방범","37.536626","126.989387","3","2019-12-12"
"용산구","서울특별시 용산구 이태원동 녹사평대로40나길 37 니은빌딩","방범","37.536716","126.988775","3","2019-12-12"
"용산구","서울특별시 용산구 한남동 한남대로28가길 31 ","방범","37.536773","127.006591","2","2019-12-12"
"용산구","서울특별시 용산구 이태원동 녹사평대로40다길 42 오렌지카운티","방범","37.536819","126.990733","3","2019-12-12"
"용산구","서울특별시 용산구 이태원동 녹사평대로40다길 42 오렌지카운티","방범","37.536819","126.990735","1","2019-12-12"
"용산구","서울특별시 용산구 용문동 효창원로 92 ","방범","37.536847","126.959410","1","2019-12-12"
"용산구","서울특별시 용산구 신창동 효창원로 53 ","방범","37.536876","126.955458","3","2019-12-12"
"용산구","서울특별시 용산구 원효로2가 원효로 185 ","방범","37.536887","126.963536","4","2019-12-12"
"용산구","서울특별시 용산구 한남동 이태원로42길 46 ","방범","37.536905","127.001171","2","2019-12-12"
"용산구","서울특별시 용산구 한남동 한남대로28가길 23 ","방범","37.537092","127.006175","1","2019-12-12"
"용산구","서울특별시 용산구 용문동 새창로 106 ","방범","37.537228","126.959579","1","2019-12-12"
"용산구","서울특별시 용산구 원효로2가 원효로 189 ","방범","37.537458","126.963865","2","2019-12-12"
"용산구","서울특별시 용산구 용문동 새창로 105 용문동 준빌딩","방범","37.537504","126.960418","1","2019-12-12"
"용산구","서울특별시 용산구 이태원동 녹사평대로40나길 59 ","방범","37.537507","126.988604","1","2019-12-12"
"용산구","서울특별시 용산구 한남동 한남대로27가길 1 ","방범","37.537653","127.003681","1","2019-12-12"
"용산구","서울특별시 용산구 원효로2가 원효로 197 세명빌딩","방범","37.537672","126.964615","3","2019-12-12"
"용산구","서울특별시 용산구 용문동 새창로 115 ","방범","37.537797","126.961152","1","2019-12-12"
"용산구","서울특별시 용산구 이태원동 녹사평대로46길 73 ","방범","37.537807","126.991987","1","2019-12-12"
"용산구","서울특별시 용산구 한남동 이태원로54길 11 ","방범","37.537810","127.002585","3","2019-12-12"
"용산구","서울특별시 용산구 용문동 효창원로25나길 2 해피썬 빌","방범","37.537836","126.956327","1","2019-12-12"
"용산구","서울특별시 용산구 용문동 새창로 106 ","방범","37.53792","126.959624","2","2019-12-12"
"용산구","서울특별시 용산구 이태원동 녹사평대로40나길 62 ","방범","37.537999","126.989540","1","2019-12-12"
"용산구","서울특별시 용산구 원효로2가 원효로71길 23 ","방범","37.538050","126.963524","1","2019-12-12"
"용산구","서울특별시 용산구 이태원동 녹사평대로 228 ","방범","37.538101","126.986795","1","2019-12-12"
"용산구","서울특별시 용산구 용문동 백범로74길 16 ","방범","37.538215","126.962023","3","2019-12-12"
"용산구","서울특별시 용산구 이태원동 회나무로28길 54 ","방범","37.538319","126.994005","1","2019-12-12"
"용산구","서울특별시 용산구 이태원동 녹사평대로46길 59 ","방범","37.538322","126.989674","1","2019-12-12"
"용산구","서울특별시 용산구 용문동 새창로 90 ","방범","37.538407","126.959658","2","2019-12-12"
"용산구","서울특별시 용산구 이태원동 회나무로12나길 14 ","방범","37.538417","126.991725","1","2019-12-12"
"용산구","서울특별시 용산구 용문동 백범로74길 16 ","방범","37.538437","126.962105","2","2019-12-12"
"용산구","서울특별시 용산구 용문동 새창로 103 ","방범","37.538555","126.960306","2","2019-12-12"
"용산구","서울특별시 용산구 이태원동 녹사평대로46길 61 ","방범","37.538578","126.990641","3","2019-12-12"
"용산구","서울특별시 용산구 이태원동 녹사평대로46길 61 ","방범","37.538747","126.990043","1","2019-12-12"
"용산구","서울특별시 용산구 도원동 새창로12길 11 ","방범","37.538756","126.958625","1","2019-12-12"
"용산구","서울특별시 용산구 이태원동 회나무로28가길 5 효성그린빌라","방범","37.538783","126.992185","2","2019-12-12"
"용산구","(한남동 1-353 한강시범아파트 입구)","방범","37.539034","127.012354","3","2019-12-12"
"용산구","서울특별시 용산구 원효로1가 백범로77길 9 ","방범","37.539036","126.964988","1","2019-12-12"
"용산구","서울특별시 용산구 이태원동 회나무로 30 ","방범","37.539094","126.990313","2","2019-12-12"
"용산구","서울특별시 용산구 효창동 백범로 285 ","방범","37.539232","126.961283","3","2019-12-12"
"용산구","서울특별시 용산구 용산동2가 녹사평대로 245 한신아파트","방범","37.539268","126.987869","3","2019-12-12"
"용산구","서울특별시 용산구 이태원동 회나무로28길 27 ","방범","37.539281","126.993214","1","2019-12-12"
"용산구","서울특별시 용산구 원효로1가 백범로77길 26 ","방범","37.539446","126.96593","1","2019-12-12"
"용산구","서울특별시 용산구 원효로1가 백범로77길 9 ","방범","37.539579","126.964874","4","2019-12-12"
"용산구","서울특별시 용산구 이태원동 회나무로 30 ","방범","37.539608","126.990292","1","2019-12-12"
"용산구","서울특별시 용산구 효창동 백범로 281 ","방범","37.540107","126.960939","1","2019-12-12"
"용산구","서울특별시 용산구 효창동 효창원로62길 22 ","방범","37.540123","126.963050","1","2019-12-12"
"용산구","서울특별시 용산구 이태원동 회나무로 67 ","방범","37.540124","126.994634","1","2019-12-12"
"용산구","서울특별시 용산구 원효로1가 백범로77길 37 종고빌딩","방범","37.540253","126.965511","2","2019-12-12"
"용산구","서울특별시 용산구 이태원동 회나무로 78 ","방범","37.540278","126.995148","1","2019-12-12"
"용산구","서울특별시 용산구 원효로1가 백범로79길 32 ","방범","37.540523","126.964535","1","2019-12-12"
"용산구","서울특별시 용산구 원효로1가 백범로77길 37 종고빌딩","방범","37.540852","126.965625","2","2019-12-12"
"용산구","서울특별시 용산구 이태원동 회나무로 58 ","방범","37.540886","126.993348","1","2019-12-12"
"용산구","서울특별시 용산구 효창동 백범로 259 ","방범","37.540902","126.958917","4","2019-12-12"
"용산구","서울특별시 용산구 효창동 효창원로62길 22 ","방범","37.540911","126.963314","1","2019-12-12"
"용산구","서울특별시 용산구 효창동 백범로45길 4 ","방범","37.541048","126.958247","1","2019-12-12"
"용산구","서울특별시 용산구 용산동2가 신흥로3가길 10 ","방범","37.54121","126.985379","3","2019-12-12"
"용산구","서울특별시 용산구 효창동 백범로45길 4 ","방범","37.541389","126.959645","2","2019-12-12"
"용산구","서울특별시 용산구 효창동 백범로47길 46 ","방범","37.541397","126.960492","1","2019-12-12"
"용산구","서울특별시 용산구 청파동3가 백범로79길 70 ","방범","37.541407","126.965747","1","2019-12-12"
"용산구","서울특별시 용산구 청파동3가 효창원로 156 미래빌딩","방범","37.541430","126.962147","3","2019-12-12"
"용산구","서울특별시 용산구 용산동2가 신흥로 25 ","방범","37.541452","126.986045","3","2019-12-12"
"용산구","서울특별시 용산구 용산동2가 신흥로3가길 10 ","방범","37.541519","126.985306","3","2019-12-12"
"용산구","서울특별시 용산구 효창동 백범로45길 4 ","방범","37.541546","126.958531","1","2019-12-12"
"용산구","서울특별시 용산구 청파동3가 청파로 247 애전빌딩","방범","37.541568","126.970145","1","2019-12-12"
"용산구","서울특별시 용산구 한남동 한남대로36길 6 한남오피스텔","방범","37.541578","127.004389","3","2019-12-12"
"용산구","서울특별시 용산구 용산동2가 신흥로3가길 21 용암경로당","방범","37.541649","126.984838","1","2019-12-12"
"용산구","서울특별시 용산구 용산동2가 신흥로 25 ","방범","37.541711","126.986471","1","2019-12-12"
"용산구","서울특별시 용산구 이태원동 소월로40길 75 ","방범","37.541713","126.993126","1","2019-12-12"
"용산구","서울특별시 용산구 효창동 효창원로 146 효창 위더스빌","방범","37.541755","126.9639","3","2019-12-12"
"용산구","서울특별시 용산구 청파동3가 원효로97길 10 ","방범","37.541861","126.969176","4","2019-12-12"
"용산구","서울특별시 용산구 갈월동 한강대로71길 47 롯데리아","방범","37.541877","126.971398","3","2019-12-12"
"용산구","서울특별시 용산구 이태원동 소월로40길 38 ","방범","37.541910","126.991757","3","2019-12-12"
"용산구","서울특별시 용산구 갈월동 한강대로71길 47 롯데리아","방범","37.541926","126.971866","2","2019-12-12"
"용산구","서울특별시 용산구 효창동 효창원로 145 ","방범","37.541995","126.961233","3","2019-12-12"
"용산구","서울특별시 용산구 이태원동 소월로 282 ","방범","37.542141","126.993671","3","2019-12-12"
"용산구","서울특별시 용산구 이태원동 소월로38가길 9 ","방범","37.542236","126.990613","2","2019-12-12"
"용산구","서울특별시 용산구 이태원동 소월로 282 ","방범","37.542249","126.993012","1","2019-12-12"
"용산구","서울특별시 용산구 용산동2가 신흥로 41 ","방범","37.542316","126.986683","4","2019-12-12"
"용산구","서울특별시 용산구 청파동3가 효창원로72길 21 ","방범","37.542376","126.963398","2","2019-12-12"
"용산구","서울특별시 용산구 청파동3가 백범로79길 86 ","방범","37.542478","126.964679","1","2019-12-12"
"용산구","서울특별시 용산구 용산동2가 신흥로3길 35 ","방범","37.542527","126.985651","4","2019-12-12"
"용산구","서울특별시 용산구 남영동 한강대로 266 ","방범","37.542584","126.973595","2","2019-12-12"
"용산구","서울특별시 용산구 용산동2가 신흥로3가길 66 보성여자중고등학교","방범","37.542601","126.983925","2","2019-12-12"
"용산구","서울특별시 용산구 한남동 한남대로 158 ","방범","37.542613","127.002327","3","2019-12-12"
"용산구","서울특별시 용산구 효창동 백범로47가길 23 ","방범","37.542649","126.958871","1","2019-12-12"
"용산구","서울특별시 용산구 청파동3가 원효로97길 26 ","방범","37.542652","126.969411","1","2019-12-12"
"용산구","서울특별시 용산구 효창동 백범로47가길 23 ","방범","37.542843","126.958506","4","2019-12-12"
"용산구","서울특별시 용산구 용산동2가 신흥로 39 새마을금고용암지점","방범","37.542863","126.987875","1","2019-12-12"
"용산구","서울특별시 용산구 청파동3가 효창원로 158 아람빌딩","방범","37.54293","126.962859","3","2019-12-12"
"용산구","서울특별시 용산구 이태원동 소월로38가길 9 ","방범","37.542998","126.990374","2","2019-12-12"
"용산구","서울특별시 용산구 청파동3가 청파로43길 47 ","방범","37.543028","126.967554","1","2019-12-12"
"용산구","서울특별시 용산구 청파동3가 효창원로 182 지영시티빌","방범","37.543106","126.963633","3","2019-12-12"
"용산구","서울특별시 용산구 용산동2가 신흥로 63 ","방범","37.543111","126.986018","4","2019-12-12"
"용산구","서울특별시 용산구 용산동2가 신흥로 53 기업은행","방범","37.54325","126.98715","4","2019-12-12"
"용산구","서울특별시 용산구 청파동3가 청파로43길 47 ","방범","37.543255","126.967072","1","2019-12-12"
"용산구","서울특별시 용산구 청파동3가 청파로43가길 15 ","방범","37.543395","126.968569","2","2019-12-12"
"용산구","(청파동2가 132-44 천주교 청파동성당 앞)","방범","37.543536","126.965028","3","2019-12-12"
"용산구","서울특별시 용산구 용산동2가 소월로20길 63 ","방범","37.543537","126.984153","1","2019-12-12"
"용산구","서울특별시 용산구 청파동3가 청파로43가길 2 ","방범","37.543569","126.969763","3","2019-12-12"
"용산구","서울특별시 용산구 청파동3가 청파로43가길 15 ","방범","37.543677","126.968592","1","2019-12-12"
"용산구","서울특별시 용산구 용산동2가 신흥로11나길 7 ","방범","37.543709","126.985611","1","2019-12-12"
"용산구","서울특별시 용산구 청파동3가 청파로43길 63 ","방범","37.543831","126.966403","3","2019-12-12"
"용산구","서울특별시 용산구 용산동2가 소월로20길 76 ","방범","37.543893","126.983544","3","2019-12-12"
"용산구","서울특별시 용산구 청파동3가 청파로43길 47 ","방범","37.543928","126.967815","3","2019-12-12"
"용산구","서울특별시 용산구 용산동2가 소월로20길 76 ","방범","37.543971","126.983742","1","2019-12-12"
"용산구","서울특별시 용산구 용산동2가 신흥로 127 ","방범","37.544047","126.98186","1","2019-12-12"
"용산구","서울특별시 용산구 용산동2가 신흥로 62 ","방범","37.54405","126.987427","1","2019-12-12"
"용산구","서울특별시 용산구 청파동2가 청파로47길 66 중하빌딩","방범","37.544098","126.966581","4","2019-12-12"
"용산구","서울특별시 용산구 청파동2가 청파로 276 ","방범","37.544115","126.970877","3","2019-12-12"
"용산구","서울특별시 용산구 갈월동 한강대로 289 ","방범","37.544128","126.971074","1","2019-12-12"
"용산구","서울특별시 용산구 용산동2가 신흥로 99 ","방범","37.544158","126.985789","1","2019-12-12"
"용산구","서울특별시 용산구 용산동2가 소월로30길 31 ","방범","37.544196","126.988176","3","2019-12-12"
"용산구","서울특별시 용산구 한남동 한남대로42가길 25 삼성빌","방범","37.544280","127.002848","1","2019-12-12"
"용산구","서울특별시 용산구 용산동2가 신흥로 127 ","방범","37.544372","126.981414","2","2019-12-12"
"용산구","서울특별시 용산구 용산동2가 신흥로 99 ","방범","37.544411","126.984806","3","2019-12-12"
"용산구","서울특별시 용산구 남영동 한강대로84길 11 ","방범","37.544485","126.973023","2","2019-12-12"
"용산구","서울특별시 용산구 용산동2가 신흥로 99 ","방범","37.544733","126.985976","3","2019-12-12"
"용산구","서울특별시 용산구 용산동2가 신흥로 65 성원힐","방범","37.54476","126.986953","1","2019-12-12"
"용산구","서울특별시 용산구 청파동2가 청파로47길 66 중하빌딩","방범","37.544795","126.966919","1","2019-12-12"
"용산구","서울특별시 용산구 청파동2가 청파로 276 ","방범","37.544963","126.970825","4","2019-12-12"
"용산구","서울특별시 용산구 용산동2가 신흥로 132 ","방범","37.545054","126.982312","5","2019-12-12"
"용산구","서울특별시 용산구 용산동2가 신흥로22가길 8 ","방범","37.545089","126.983028","1","2019-12-12"
"용산구","서울특별시 용산구 용산동2가 소월로26길 3 카쎈타","방범","37.545126","126.98725","1","2019-12-12"
"용산구","서울특별시 용산구 청파동2가 청파로47길 14 ","방범","37.545284","126.969188","2","2019-12-12"
"용산구","서울특별시 용산구 용산동2가 소월로26길 3 카쎈타","방범","37.545335","126.987351","1","2019-12-12"
"용산구","서울특별시 용산구 용산동2가 소월로 220 ","방범","37.545365","126.988824","1","2019-12-12"
"용산구","서울특별시 용산구 청파동2가 청파로47길 78 ","방범","37.545376","126.965527","3","2019-12-12"
"용산구","서울특별시 용산구 용산동2가 신흥로 94 ","방범","37.545403","126.984098","2","2019-12-12"
"용산구","서울특별시 용산구 용산동2가 신흥로 132 ","방범","37.545456","126.981995","2","2019-12-12"
"용산구","서울특별시 용산구 갈월동 두텁바위로 9 ","방범","37.545517","126.973386","3","2019-12-12"
"용산구","서울특별시 용산구 용산동2가 신흥로 132 ","방범","37.545574","126.981977","2","2019-12-12"
"용산구","서울특별시 용산구 용산동2가 소월로 220 ","방범","37.545709","126.9884","3","2019-12-12"
"용산구","서울특별시 용산구 용산동2가 신흥로 132 ","방범","37.545722","126.982063","2","2019-12-12"
"용산구","서울특별시 용산구 용산동2가 신흥로22가길 8 ","방범","37.545778","126.983146","2","2019-12-12"
"용산구","서울특별시 용산구 용산동2가 소월로 198 ","방범","37.545802","126.986338","2","2019-12-12"
"용산구","서울특별시 용산구 청파동2가 청파로47길 14 ","방범","37.545816","126.969356","1","2019-12-12"
"용산구","서울특별시 용산구 용산동2가 신흥로 94 ","방범","37.545863","126.984362","3","2019-12-12"
"용산구","서울특별시 용산구 갈월동 두텁바위로1길 29 ","방범","37.546158","126.973208","8","2019-12-12"
"용산구","서울특별시 용산구 후암동 두텁바위로38가길 2 ","방범","37.546158","126.982562","2","2019-12-12"
"용산구","서울특별시 용산구 후암동 신흥로20길 32 ","방범","37.546208","126.984765","3","2019-12-12"
"용산구","서울특별시 용산구 후암동 두텁바위로 82 가로판매대","방범","37.546363","126.981912","3","2019-12-12"
"용산구","서울특별시 용산구 후암동 두텁바위로38가길 2 ","방범","37.546412","126.982198","3","2019-12-12"
"용산구","서울특별시 용산구 청파동2가 효창원로 218 리챠드빌딩","방범","37.546422","126.963403","4","2019-12-12"
"용산구","서울특별시 용산구 후암동 두텁바위로38가길 2 ","방범","37.546446","126.982697","2","2019-12-12"
"용산구","서울특별시 용산구 후암동 두텁바위로1가길 3 ","방범","37.54645","126.975146","3","2019-12-12"
"용산구","서울특별시 용산구 청파동1가 청파로47나길 39 ","방범","37.546464","126.967109","3","2019-12-12"
"용산구","서울특별시 용산구 청파동2가 효창원로86길 47 ","방범","37.546489","126.966834","1","2019-12-12"
"용산구","서울특별시 용산구 후암동 신흥로20길 32 ","방범","37.546521","126.984582","1","2019-12-12"
"용산구","서울특별시 용산구 효창동 임정로 101 ","방범","37.546683","126.962338","3","2019-12-12"
"용산구","서울특별시 용산구 청파동1가 청파로47나길 39 ","방범","37.546935","126.967868","3","2019-12-12"
"용산구","서울특별시 용산구 갈월동 두텁바위로1길 29 ","방범","37.546974","126.973542","2","2019-12-12"
"용산구","서울특별시 용산구 후암동 후암로16다길 4 ","방범","37.547011","126.979533","1","2019-12-12"
"용산구","서울특별시 용산구 후암동 두텁바위로 93 ","방범","37.547139","126.982841","1","2019-12-12"
"용산구","서울특별시 용산구 청파동1가 청파로71다길 25 ","방범","37.547182","126.966132","1","2019-12-12"
"용산구","서울특별시 용산구 후암동 두텁바위로 85 ","방범","37.547245","126.981821","3","2019-12-12"
"용산구","서울특별시 용산구 효창동 임정로 107 효원빌라","방범","37.547327","126.962281","2","2019-12-12"
"용산구","(청파동2가 1-79 숙대기숙사 옆)","방범","37.547347","126.964973","1","2019-12-12"
"용산구","서울특별시 용산구 후암동 한강대로98다길 6 ","방범","37.547353","126.973786","2","2019-12-12"
"용산구","서울특별시 용산구 청파동1가 청파로71다길 25 ","방범","37.547393","126.966869","2","2019-12-12"
"용산구","서울특별시 용산구 후암동 두텁바위로1가길 18 ","방범","37.547592","126.975769","3","2019-12-12"
"용산구","서울특별시 용산구 청파동1가 청파로47나길 56 ","방범","37.547628","126.968638","2","2019-12-12"
"용산구","서울특별시 용산구 갈월동 한강대로 324 한성빌딩","방범","37.547633","126.972506","1","2019-12-12"
"용산구","서울특별시 용산구 청파동1가 청파로47나길 56 ","방범","37.547819","126.968206","2","2019-12-12"
"용산구","서울특별시 용산구 후암동 두텁바위로31길 17 ","방범","37.5479","126.980263","3","2019-12-12"
"용산구","서울특별시 용산구 청파동1가 청파로71다길 25 ","방범","37.547978","126.966981","3","2019-12-12"
"용산구","서울특별시 용산구 후암동 한강대로102다길 7 ","방범","37.548053","126.974861","3","2019-12-12"
"용산구","서울특별시 용산구 후암동 한강대로98길 27 ","방범","37.548212","126.973678","2","2019-12-12"
"용산구","서울특별시 용산구 후암동 두텁바위로40길 41 ","방범","37.54824","126.983918","1","2019-12-12"
"용산구","서울특별시 용산구 청파동1가 효창원로 240 ","방범","37.548336","126.963375","3","2019-12-12"
"용산구","서울특별시 용산구 후암동 두텁바위로40길 41 ","방범","37.548477","126.983027","2","2019-12-12"
"용산구","서울특별시 용산구 후암동 후암로16길 20 후암동 메리골드 빌라","방범","37.548482","126.979252","1","2019-12-12"
"용산구","서울특별시 용산구 청파동1가 청파로47나길 71 ","방범","37.548511","126.968368","1","2019-12-12"
"용산구","서울특별시 용산구 후암동 두텁바위로37길 22 ","방범","37.548529","126.980906","1","2019-12-12"
"용산구","서울특별시 용산구 후암동 두텁바위로37길 22 ","방범","37.548542","126.980752","1","2019-12-12"
"용산구","서울특별시 용산구 청파동1가 청파로 320 ","방범","37.548593","126.970799","6","2019-12-12"
"용산구","서울특별시 용산구 후암동 두텁바위로 101 삼성하이츠","방범","37.548628","126.981924","1","2019-12-12"
"용산구","서울특별시 용산구 청파동1가 효창원로86가길 33 ","방범","37.548631","126.964469","2","2019-12-12"
"용산구","서울특별시 용산구 청파동1가 청파로47나길 71 ","방범","37.548632","126.967682","1","2019-12-12"
"용산구","서울특별시 용산구 후암동 두텁바위로 101 삼성하이츠","방범","37.54886","126.981524","1","2019-12-12"
"용산구","서울특별시 용산구 후암동 한강대로98길 27 ","방범","37.548898","126.973057","4","2019-12-12"
"용산구","서울특별시 용산구 서계동 효창원로98길 7 ","방범","37.549016","126.964721","2","2019-12-12"
"용산구","서울특별시 용산구 청파동1가 청파로 330 ","방범","37.549056","126.970533","1","2019-12-12"
"용산구","서울특별시 용산구 후암동 한강대로104라길 39 ","방범","37.549136","126.976056","1","2019-12-12"
"용산구","서울특별시 용산구 후암동 두텁바위로57길 17 ","방범","37.549177","126.98027","3","2019-12-12"
"용산구","서울특별시 용산구 청파동1가 청파로71길 51 ","방범","37.549179","126.966211","3","2019-12-12"
"용산구","서울특별시 용산구 갈월동 한강대로100길 11 ","방범","37.549208","126.973222","1","2019-12-12"
"용산구","서울특별시 용산구 후암동 한강대로102길 47 ","방범","37.549328","126.974868","3","2019-12-12"
"용산구","서울특별시 용산구 서계동 청파로 337 명성카인테리어제일공사","방범","37.549401","126.969194","2","2019-12-12"
"용산구","서울특별시 용산구 청파동1가 청파로71가길 13 ","방범","37.549442","126.967703","3","2019-12-12"
"용산구","서울특별시 용산구 서계동 효창원로98길 7 ","방범","37.549464","126.964239","2","2019-12-12"
"용산구","서울특별시 용산구 후암동 한강대로104라길 39 ","방범","37.549503","126.976895","2","2019-12-12"
"용산구","서울특별시 용산구 청파동1가 청파로47나길 83 ","방범","37.549509","126.968454","2","2019-12-12"
"용산구","서울특별시 용산구 후암동 두텁바위로 110 ","방범","37.5496","126.982527","1","2019-12-12"
"용산구","서울특별시 용산구 후암동 한강대로102길 47 ","방범","37.549732","126.974801","3","2019-12-12"
"용산구","서울특별시 용산구 청파동1가 청파로71가길 13 ","방범","37.549734","126.967343","4","2019-12-12"
"용산구","서울특별시 용산구 후암동 후암로16길 40 진흥푸르지오","방범","37.549802","126.979413","1","2019-12-12"
"용산구","서울특별시 용산구 후암동 후암로16나길 13 ","방범","37.549923","126.978087","1","2019-12-12"
"용산구","서울특별시 용산구 후암동 두텁바위로 125 대림하이츠타운","방범","37.550038","126.981518","1","2019-12-12"
"용산구","서울특별시 용산구 후암동 후암로 51 ","방범","37.550095","126.976036","3","2019-12-12"
"용산구","서울특별시 용산구 동자동 한강대로104길 30 ","방범","37.550203","126.974886","1","2019-12-12"
"용산구","서울특별시 용산구 서계동 효창원로104길 25 ","방범","37.550374","126.965806","3","2019-12-12"
"용산구","서울특별시 용산구 후암동 후암로28가길 3 ","방범","37.550424","126.97849","2","2019-12-12"
"용산구","서울특별시 용산구 동자동 한강대로104길 30 ","방범","37.550432","126.974874","2","2019-12-12"
"용산구","서울특별시 용산구 서계동 효창원로104길 25 ","방범","37.550438","126.965046","2","2019-12-12"
"용산구","서울특별시 용산구 후암동 후암로 51 ","방범","37.550548","126.976096","1","2019-12-12"
"용산구","서울특별시 용산구 청파동1가 청파로71가길 29 ","방범","37.550606","126.966888","1","2019-12-12"
"용산구","서울특별시 용산구 서계동 효창원로104가길 1 ","방범","37.550724","126.964097","1","2019-12-12"
"용산구","서울특별시 용산구 후암동 두텁바위로69길 15 ","방범","37.550851","126.979817","2","2019-12-12"
"용산구","서울특별시 용산구 서계동 만리재로24가길 1 ","방범","37.551009","126.964655","2","2019-12-12"
"용산구","서울특별시 용산구 서계동 청파로71가길 65 ","방범","37.551028","126.966384","1","2019-12-12"
"용산구","서울특별시 용산구 후암동 후암로 58 ","방범","37.551059","126.977431","1","2019-12-12"
"용산구","서울특별시 용산구 동자동 한강대로104마길 27 청운빌딩","방범","37.551106","126.974777","1","2019-12-12"
"용산구","서울특별시 용산구 동자동 한강대로104마길 27 청운빌딩","방범","37.55116","126.974037","3","2019-12-12"
"용산구","서울특별시 용산구 서계동 청파로 359 ","방범","37.551407","126.968343","2","2019-12-12"
"용산구","서울특별시 용산구 서계동 청파로 359 ","방범","37.551421","126.968606","4","2019-12-12"
"용산구","서울특별시 용산구 서계동 만리재로24길 36 ","방범","37.551451","126.965266","3","2019-12-12"
"용산구","서울특별시 용산구 서계동 청파로73길 53 ","방범","37.551526","126.967572","3","2019-12-12"
"용산구","서울특별시 용산구 후암동 후암로30길 29 ","방범","37.551584","126.978868","4","2019-12-12"
"용산구","서울특별시 용산구 동자동 한강대로104마길 27 청운빌딩","방범","37.551717","126.97475","1","2019-12-12"
"용산구","서울특별시 용산구 후암동 후암로 58 ","방범","37.551744","126.977212","2","2019-12-12"
"용산구","서울특별시 용산구 서계동 만리재로24가길 1 ","방범","37.551762","126.964301","2","2019-12-12"
"용산구","서울특별시 용산구 서계동 청파로 359 ","방범","37.551788","126.968305","3","2019-12-12"
"용산구","서울특별시 용산구 서계동 만리재로24길 36 ","방범","37.551985","126.965993","2","2019-12-12"
"용산구","서울특별시 용산구 서계동 청파로83길 21 ","방범","37.552009","126.967846","1","2019-12-12"
"용산구","서울특별시 용산구 서계동 청파로73길 88 ","방범","37.552036","126.966024","1","2019-12-12"
"용산구","서울특별시 용산구 서계동 청파로 369 대한통운서울지사","방범","37.552077","126.968014","2","2019-12-12"
"용산구","서울특별시 용산구 후암동 후암로 69 ","방범","37.552154","126.976705","1","2019-12-12"
"용산구","서울특별시 용산구 서계동 청파로83길 21 ","방범","37.552319","126.967327","3","2019-12-12"
"용산구","서울특별시 용산구 동자동 후암로 85 ","방범","37.552381","126.975066","1","2019-12-12"
"용산구","서울특별시 용산구 동자동 후암로 85 ","방범","37.552464","126.975289","3","2019-12-12"
"용산구","서울특별시 용산구 후암동 후암로 69 ","방범","37.552467","126.976783","3","2019-12-12"
"용산구","서울특별시 용산구 서계동 만리재로24길 35 ","방범","37.552489","126.965569","1","2019-12-12"
"용산구","서울특별시 용산구 후암동 후암로 68 인성한의원","방범","37.552529","126.977923","3","2019-12-12"
"용산구","서울특별시 용산구 동자동 후암로 91 ","방범","37.552597","126.974481","1","2019-12-12"
"용산구","서울특별시 용산구 서계동 만리재로 154 ","방범","37.552613","126.964203","1","2019-12-12"
"용산구","서울특별시 용산구 동자동 후암로57길 26 ","방범","37.552619","126.973947","3","2019-12-12"
"용산구","서울특별시 용산구 서계동 만리재로24길 35 ","방범","37.552644","126.965806","1","2019-12-12"
"용산구","서울특별시 용산구 서계동 청파로 369 대한통운서울지사","방범","37.552647","126.968176","1","2019-12-12"
"용산구","서울특별시 용산구 서계동 청파로83길 21 ","방범","37.552681","126.967905","2","2019-12-12"
"용산구","서울특별시 용산구 동자동 후암로 85 ","방범","37.552727","126.975051","1","2019-12-12"
"용산구","서울특별시 용산구 동자동 후암로 85 ","방범","37.552892","126.975189","3","2019-12-12"
"용산구","서울특별시 용산구 서계동 만리재로 182 ","방범","37.553177","126.966308","1","2019-12-12"
"용산구","서울특별시 용산구 후암동 소월로 74 ","방범","37.553241","126.978719","1","2019-12-12"
"용산구","서울특별시 용산구 서계동 청파로 383 종근당건강빌딩","방범","37.553445","126.968574","3","2019-12-12"
"용산구","서울특별시 용산구 후암동 소월로2나길 6 ","방범","37.553732","126.977711","1","2019-12-12"
"용산구","서울특별시 용산구 서계동 만리재로 198 ","방범","37.554319","126.968102","3","2019-12-12"
"용산구","(이촌동 301-170 동작대교 하부 반도APT 출입구)","불법주정차","37.516931","126.982931","3","2019-12-12"
"용산구","서울특별시 용산구 서빙고동 이촌로 347 신동아아파트","불법주정차","37.517889","126.985426","3","2019-12-12"
"용산구","서울특별시 용산구 이촌동 이촌로 310 래미안 첼리투스","불법주정차","37.517893","126.981237","3","2019-12-12"
"용산구","서울특별시 용산구 이촌동 이촌로 290 점보상가","불법주정차","37.518554","126.978256","3","2019-12-12"
"용산구","서울특별시 용산구 이촌동 이촌로84길 9 유일빌딩","불법주정차","37.518948","126.976753","3","2019-12-12"
"용산구","서울특별시 용산구 이촌동 이촌로 255 신용산초등학교","불법주정차","37.519538","126.975148","3","2019-12-12"
"용산구","서울특별시 용산구 이촌동 이촌로 208 농협","불법주정차","37.520174","126.970278","3","2019-12-12"
"용산구","서울특별시 용산구 이촌동 이촌로54길 13 ","불법주정차","37.520483","126.967266","3","2019-12-12"
"용산구","서울특별시 용산구 한강로3가 이촌로 101 한진빌딩","불법주정차","37.524014","126.959120","4","2019-12-12"
"용산구","(용산동5가 24 파크타워)","불법주정차","37.524026","126.972056","3","2019-12-12"
"용산구","서울특별시 용산구 한강로3가 한강대로10길 11 ","불법주정차","37.524391","126.965728","3","2019-12-12"
"용산구","서울특별시 용산구 한강로3가 이촌로 101 한진빌딩","불법주정차","37.524631","126.959985","4","2019-12-12"
"용산구","(한강로3가 63-389 용산시티파크 102동 103동 사이 미니스탑 앞)","불법주정차","37.525441","126.968768","3","2019-12-12"
"용산구","서울특별시 용산구 보광동 장문로 104 신동아아파트","불법주정차","37.526119","127.001009","5","2019-12-12"
"용산구","서울특별시 용산구 이태원동 보광로 79 구두수선대","불법주정차","37.530321","126.996686","4","2019-12-12"
"용산구","서울특별시 용산구 한남동 대사관로30길 30 ","불법주정차","37.531864","127.005659","1","2019-12-12"
"용산구","(한강로3가 40-969 터미널전자상가)","불법주정차","37.532230","126.962355","3","2019-12-12"
"용산구","서울특별시 용산구 이태원동 우사단로 31 ","불법주정차","37.533006","126.995634","3","2019-12-12"
"용산구","서울특별시 용산구 이태원동 보광로 114 ","불법주정차","37.533336","126.994232","3","2019-12-12"
"용산구","서울특별시 용산구 한남동 대사관로 56 광창빌딩","불법주정차","37.533444","127.004094","4","2019-12-12"
"용산구","서울특별시 용산구 한남동 대사관로 25 ","불법주정차","37.533669","127.001456","3","2019-12-12"
"용산구","서울특별시 용산구 신계동 청파로 91 ","불법주정차","37.533718","126.961646","5","2019-12-12"
"용산구","서울특별시 용산구 한남동 독서당로 65 ","불법주정차","37.534000","127.008590","3","2019-12-12"
"용산구","서울특별시 용산구 신창동 원효로35길 40 ","불법주정차","37.534107","126.956053","3","2019-12-12"
"용산구","서울특별시 용산구 이태원동 이태원로 138 ","불법주정차","37.534265","126.989808","3","2019-12-12"
"용산구","서울특별시 용산구 이태원동 이태원로 153 한국외환은행(이태원지점)","불법주정차","37.534353","126.991190","3","2019-12-12"
"용산구","서울특별시 용산구 이태원동 보광로 127 유영빌딩","불법주정차","37.534457","126.993040","3","2019-12-12"
"용산구","서울특별시 용산구 이태원동 보광로 126 ","불법주정차","37.534464","126.994921","3","2019-12-12"
"용산구","서울특별시 용산구 한남동 독서당로 86 한성빌딩","불법주정차","37.534584","127.010225","1","2019-12-12"
"용산구","서울특별시 용산구 한남동 대사관로31길 34 ","불법주정차","37.534943","127.006232","3","2019-12-12"
"용산구","서울특별시 용산구 이태원동 녹사평대로40가길 2 ","불법주정차","37.534986","126.987274","3","2019-12-12"
"용산구","서울특별시 용산구 한남동 이태원로 240 ","불법주정차","37.536235","127.000009","3","2019-12-12"
"용산구","서울특별시 용산구 문배동 청파로 209 충남마대상사","불법주정차","37.538171","126.970968","3","2019-12-12"
"용산구","서울특별시 용산구 이태원동 회나무로 41 ","불법주정차","37.539700","126.991614","3","2019-12-12"
"용산구","(이태원동 241-2 가야랑 버스승차장 앞)","불법주정차","37.540205","37.540205","3","2019-12-12"
"용산구","서울특별시 용산구 이태원동 회나무로13가길 3 ","불법주정차","37.540558","126.989557","4","2019-12-12"
"용산구","서울특별시 용산구 용산동2가 신흥로 15 ","불법주정차","37.540608","126.986889","3","2019-12-12"
"용산구","서울특별시 용산구 용산동2가 신흥로 30 ","불법주정차","37.541873","126.987364","4","2019-12-12"
"용산구","서울특별시 용산구 갈월동 한강대로 277 ","불법주정차","37.543905","126.97212","3","2019-12-12"
"용산구","서울특별시 용산구 청파동2가 청파로45길 32 ","불법주정차","37.544768","126.968805","3","2019-12-12"
"용산구","서울특별시 용산구 용산동2가 신흥로 79 ","불법주정차","37.545803","126.985434","6","2019-12-12"
"용산구","서울특별시 용산구 후암동 두텁바위로 82 가로판매대","불법주정차","37.546857","126.981302","3","2019-12-12"
"용산구","서울특별시 용산구 후암동 두텁바위로 125 대림하이츠타운","불법주정차","37.550026","126.981522","5","2019-12-12"
"용산구","서울특별시 용산구 후암동 후암로 47 ","불법주정차","37.550207","126.977245","5","2019-12-12"
"용산구","서울특별시 용산구 이촌동 이촌로84길 9 유일빌딩","어린이안전","37.518384","126.976778","1","2019-12-12"
"용산구","서울특별시 용산구 이촌동 이촌로 245 로얄상가","어린이안전","37.519644","126.974833","1","2019-12-12"
"용산구","서울특별시 용산구 이촌동 이촌로89길 32 이촌아파트","어린이안전","37.519689","126.980590","2","2019-12-12"
"용산구","서울특별시 용산구 이촌동 이촌로 264 삼익아파트","어린이안전","37.519811","126.976675","1","2019-12-12"
"용산구","서울특별시 용산구 이촌동 이촌로65가길 78 ","어린이안전","37.520218","126.975047","2","2019-12-12"
"용산구","서울특별시 용산구 이촌동 이촌로54길 13 ","어린이안전","37.520455","126.967397","1","2019-12-12"
"용산구","서울특별시 용산구 이촌동 이촌로65가길 78 ","어린이안전","37.520839","126.975395","1","2019-12-12"
"용산구","서울특별시 용산구 서빙고동 서빙고로51길 14 서빙고초등학교","어린이안전","37.521020","126.990826","2","2019-12-12"
"용산구","서울특별시 용산구 서빙고동 녹사평대로11가길 11 ","어린이안전","37.521781","126.992854","1","2019-12-12"
"용산구","서울특별시 용산구 서빙고동 녹사평대로11가길 19 엔젤빌","어린이안전","37.522433","126.992489","2","2019-12-12"
"용산구","서울특별시 용산구 동빙고동 녹사평대로14길 29 ","어린이안전","37.523103","126.995077","2","2019-12-12"
"용산구","서울특별시 용산구 동빙고동 녹사평대로14길 13 ","어린이안전","37.523433","126.994075","1","2019-12-12"
"용산구","서울특별시 용산구 한강로3가 한강대로10길 13 알베로 소망마트","어린이안전","37.523893","126.964046","1","2019-12-12"
"용산구","서울특별시 용산구 한강로3가 한강대로 58 ","어린이안전","37.525517","126.965056","1","2019-12-12"
"용산구","서울특별시 용산구 보광동 보광로12가길 5 ","어린이안전","37.527722","127.001070","2","2019-12-12"
"용산구","서울특별시 용산구 보광동 보광로 42 중소기업은행","어린이안전","37.528428","126.999634","1","2019-12-12"
"용산구","서울특별시 용산구 보광동 보광로12가길 29 ","어린이안전","37.528486","127.000070","2","2019-12-12"
"용산구","서울특별시 용산구 이태원동 우사단로6길 12 ","어린이안전","37.531434","126.997049","3","2019-12-12"
"용산구","서울특별시 용산구 이태원동 우사단로 5 ","어린이안전","37.531469","126.996524","1","2019-12-12"
"용산구","서울특별시 용산구 이태원동 우사단로 5 ","어린이안전","37.531777","126.996164","2","2019-12-12"
"용산구","서울특별시 용산구 이태원동 우사단로 19 ","어린이안전","37.532220","126.996022","1","2019-12-12"
"용산구","서울특별시 용산구 한강로2가 한강대로 167 용산소방서","어린이안전","37.534311","126.971950","1","2019-12-12"
"용산구","(산천동 193 일민유치원 정문 앞)","어린이안전","37.534342","126.949364","1","2019-12-12"
"용산구","서울특별시 용산구 이태원동 녹사평대로40길 41 ","어린이안전","37.534342","126.988881","3","2019-12-12"
"용산구","서울특별시 용산구 한남동 대사관로 20 ","어린이안전","37.534579","127.000708","3","2019-12-12"
"용산구","서울특별시 용산구 신계동 청파로 139 알만빌딩","어린이안전","37.534861","126.966606","2","2019-12-12"
"용산구","서울특별시 용산구 신계동 새창로45길 6 ","어린이안전","37.534907","126.964533","1","2019-12-12"
"용산구","서울특별시 용산구 한강로1가 한강대로 171 ","어린이안전","37.534912","126.972948","1","2019-12-12"
"용산구","서울특별시 용산구 이태원동 녹사평대로 210 ","어린이안전","37.535013","126.987254","1","2019-12-12"
"용산구","서울특별시 용산구 이태원동 녹사평대로40가길 3 ","어린이안전","37.535049","126.988219","1","2019-12-12"
"용산구","서울특별시 용산구 원효로2가 원효로 184 ","어린이안전","37.535433","126.963379","3","2019-12-12"
"용산구","서울특별시 용산구 산천동 효창원로13길 7 리버힐삼성아파트","어린이안전","37.535562","126.952753","2","2019-12-12"
"용산구","서울특별시 용산구 한강로1가 한강대로 179 ","어린이안전","37.535694","126.972814","2","2019-12-12"
"용산구","(산천동 6-73 한강타운 정문 좌측)","어린이안전","37.535718","126.951448","1","2019-12-12"
"용산구","서울특별시 용산구 신창동 효창원로 35 ","어린이안전","37.535813","126.953249","1","2019-12-12"
"용산구","서울특별시 용산구 이태원동 녹사평대로 210 ","어린이안전","37.535928","126.987604","1","2019-12-12"
"용산구","서울특별시 용산구 원효로2가 원효로58길 15 ","어린이안전","37.535934","126.96415","1","2019-12-12"
"용산구","(산천동 산4-2 정문 진입로)","어린이안전","37.536122","126.950982","1","2019-12-12"
"용산구","서울특별시 용산구 산천동 새창로8길 117 ","어린이안전","37.536384","126.951481","3","2019-12-12"
"용산구","서울특별시 용산구 용문동 효창원로 75 ","어린이안전","37.536508","126.956431","1","2019-12-12"
"용산구","서울특별시 용산구 원효로2가 원효로 185 ","어린이안전","37.536558","126.96382","1","2019-12-12"
"용산구","서울특별시 용산구 이태원동 녹사평대로 206 ","어린이안전","37.536773","126.987614","4","2019-12-12"
"용산구","서울특별시 용산구 용문동 효창원로 81 미샹보르3차","어린이안전","37.536802","126.958271","1","2019-12-12"
"용산구","서울특별시 용산구 용문동 효창원로 75 ","어린이안전","37.536848","126.956686","1","2019-12-12"
"용산구","서울특별시 용산구 용문동 효창원로 75 ","어린이안전","37.536852","126.957599","1","2019-12-12"
"용산구","서울특별시 용산구 한남동 독서당로 123 아울스 스퀘어","어린이안전","37.537052","127.012392","1","2019-12-12"
"용산구","서울특별시 용산구 용문동 새창로 115 ","어린이안전","37.537080","126.961935","1","2019-12-12"
"용산구","서울특별시 용산구 이태원동 녹사평대로40나길 59 ","어린이안전","37.537096","126.988043","1","2019-12-12"
"용산구","서울특별시 용산구 원효로2가 원효로 207 상완빌딩","어린이안전","37.537156","126.965664","1","2019-12-12"
"용산구","서울특별시 용산구 용문동 효창원로37가길 4 ","어린이안전","37.537157","126.958531","1","2019-12-12"
"용산구","서울특별시 용산구 산천동 새창로12길 103 ","어린이안전","37.537218","126.953718","1","2019-12-12"
"용산구","서울특별시 용산구 용문동 효창원로25나길 2 해피썬 빌","어린이안전","37.537226","126.956812","1","2019-12-12"
"용산구","서울특별시 용산구 용문동 효창원로25다길 24 해피파크빌","어린이안전","37.537229","126.957389","1","2019-12-12"
"용산구","서울특별시 용산구 이태원동 녹사평대로 218 ","어린이안전","37.537237","126.987724","1","2019-12-12"
"용산구","서울특별시 용산구 용문동 효창원로37가길 4 ","어린이안전","37.537480","126.958695","1","2019-12-12"
"용산구","서울특별시 용산구 용문동 효창원로25다길 24 해피파크빌","어린이안전","37.537491","126.957533","1","2019-12-12"
"용산구","서울특별시 용산구 용문동 효창원로25다길 24 해피파크빌","어린이안전","37.537677","126.957047","1","2019-12-12"
"용산구","서울특별시 용산구 용문동 효창원로37가길 4 ","어린이안전","37.537748","126.95881","1","2019-12-12"
"용산구","서울특별시 용산구 용문동 효창원로37가길 4 ","어린이안전","37.537941","126.958901","1","2019-12-12"
"용산구","서울특별시 용산구 한남동 한남대로 108 ","어린이안전","37.538165","127.004623","1","2019-12-12"
"용산구","서울특별시 용산구 용문동 새창로12길 41 홈 그린빌","어린이안전","37.538181","126.956971","1","2019-12-12"
"용산구","서울특별시 용산구 도원동 새창로12길 11 ","어린이안전","37.538274","126.957856","1","2019-12-12"
"용산구","서울특별시 용산구 한남동 한남대로28가길 5 한남하우스","어린이안전","37.538344","127.005908","3","2019-12-12"
"용산구","서울특별시 용산구 도원동 새창로12길 11 ","어린이안전","37.538517","126.957632","1","2019-12-12"
"용산구","서울특별시 용산구 도원동 새창로12길 11 ","어린이안전","37.538974","126.957915","1","2019-12-12"
"용산구","서울특별시 용산구 한남동 이태원로 274 용산공예관","어린이안전","37.539934","127.001700","1","2019-12-12"
"용산구","서울특별시 용산구 효창동 효창원로 144 ","어린이안전","37.540127","126.962123","1","2019-12-12"
"용산구","서울특별시 용산구 효창동 효창원로 136 ","어린이안전","37.540128","126.961653","1","2019-12-12"
"용산구","서울특별시 용산구 이태원동 회나무로13가길 3 ","어린이안전","37.540807","126.990599","2","2019-12-12"
"용산구","서울특별시 용산구 이태원동 회나무로13가길 28 ","어린이안전","37.540903","126.991631","2","2019-12-12"
"용산구","서울특별시 용산구 용산동2가 신흥로 26 ","어린이안전","37.540905","126.987311","1","2019-12-12"
"용산구","서울특별시 용산구 이태원동 회나무로13가길 28 ","어린이안전","37.540935","126.991065","1","2019-12-12"
"용산구","서울특별시 용산구 용산동2가 신흥로 30 ","어린이안전","37.541005","126.987052","1","2019-12-12"
"용산구","서울특별시 용산구 이태원동 소월로40길 38 ","어린이안전","37.541184","126.991706","2","2019-12-12"
"용산구","서울특별시 용산구 청파동3가 효창원로 156 미래빌딩","어린이안전","37.541276","126.962747","4","2019-12-12"
"용산구","서울특별시 용산구 이태원동 소월로40길 38 ","어린이안전","37.541329","126.991032","3","2019-12-12"
"용산구","서울특별시 용산구 용산동2가 신흥로 30 ","어린이안전","37.541821","126.987502","1","2019-12-12"
"용산구","서울특별시 용산구 청파동3가 원효로97길 26 ","어린이안전","37.542401","126.969951","2","2019-12-12"
"용산구","서울특별시 용산구 한남동 한남대로 158 ","어린이안전","37.542543","127.002886","1","2019-12-12"
"용산구","서울특별시 용산구 한남동 한남대로 150 샬롬힐","어린이안전","37.542961","127.003436","1","2019-12-12"
"용산구","서울특별시 용산구 한남동 한남대로42가길 2 ","어린이안전","37.543064","127.002903","1","2019-12-12"
"용산구","서울특별시 용산구 한남동 한남대로42가길 2 ","어린이안전","37.543100","127.002242","1","2019-12-12"
"용산구","서울특별시 용산구 용산동2가 신흥로12길 5 ","어린이안전","37.543317","126.988084","1","2019-12-12"
"용산구","서울특별시 용산구 청파동3가 청파로 261 ","어린이안전","37.543426","126.970622","1","2019-12-12"
"용산구","서울특별시 용산구 용산동2가 신흥로 53 기업은행","어린이안전","37.543495","126.987635","1","2019-12-12"
"용산구","서울특별시 용산구 한남동 한남대로42가길 2 ","어린이안전","37.543508","127.002683","1","2019-12-12"
"용산구","서울특별시 용산구 청파동3가 청파로43가길 2 ","어린이안전","37.543525","126.969129","2","2019-12-12"
"용산구","서울특별시 용산구 용산동2가 녹사평대로60길 17 ","어린이안전","37.543681","126.989059","1","2019-12-12"
"용산구","서울특별시 용산구 용산동2가 신흥로 53 기업은행","어린이안전","37.543712","126.987809","1","2019-12-12"
"용산구","서울특별시 용산구 한남동 한남대로40길 51 ","어린이안전","37.544134","127.003779","1","2019-12-12"
"용산구","서울특별시 용산구 한남동 한남대로40길 51 ","어린이안전","37.544208","127.003468","1","2019-12-12"
"용산구","서울특별시 용산구 한남동 한남대로42가길 25 삼성빌","어린이안전","37.544355","127.002474","1","2019-12-12"
"용산구","서울특별시 용산구 한남동 한남대로40길 51 ","어린이안전","37.544791","127.003396","2","2019-12-12"
"용산구","서울특별시 용산구 한남동 한남대로40길 51 ","어린이안전","37.544824","127.003282","1","2019-12-12"
"용산구","서울특별시 용산구 용산동2가 소월로 220 ","어린이안전","37.545023","126.988315","1","2019-12-12"
"용산구","서울특별시 용산구 용산동2가 소월로26길 3 카쎈타","어린이안전","37.545047","126.987753","1","2019-12-12"
"용산구","서울특별시 용산구 용산동2가 소월로 198 ","어린이안전","37.54523","126.986319","1","2019-12-12"
"용산구","서울특별시 용산구 한남동 한남대로40길 76 ","어린이안전","37.545261","127.003005","1","2019-12-12"
"용산구","서울특별시 용산구 용산동2가 소월로 220 ","어린이안전","37.545581","126.988727","4","2019-12-12"
"용산구","서울특별시 용산구 후암동 두텁바위로13길 6 ","어린이안전","37.546108","126.976788","3","2019-12-12"
"용산구","서울특별시 용산구 청파동2가 효창원로86길 33 숙명여대기숙사","어린이안전","37.546405","126.965822","1","2019-12-12"
"용산구","서울특별시 용산구 후암동 후암로 9 ","어린이안전","37.546459","126.977914","2","2019-12-12"
"용산구","서울특별시 용산구 후암동 후암로 9 ","어린이안전","37.546613","126.977112","1","2019-12-12"
"용산구","서울특별시 용산구 청파동2가 효창원로 228 청파초등학교","어린이안전","37.547337","126.963462","1","2019-12-12"
"용산구","서울특별시 용산구 후암동 후암로 13 ","어린이안전","37.54757","126.977481","1","2019-12-12"
"용산구","서울특별시 용산구 청파동1가 효창원로86가길 28 ","어린이안전","37.548293","126.965853","1","2019-12-12"
"용산구","서울특별시 용산구 청파동1가 효창원로86가길 28 ","어린이안전","37.548296","126.965121","1","2019-12-12"
"용산구","서울특별시 용산구 청파동1가 효창원로86가길 28 ","어린이안전","37.548355","126.965838","1","2019-12-12"
"용산구","서울특별시 용산구 후암동 두텁바위로1가길 39 ","어린이안전","37.548388","126.97635","1","2019-12-12"
"용산구","서울특별시 용산구 후암동 두텁바위로1가길 39 ","어린이안전","37.548462","126.976483","1","2019-12-12"
"용산구","서울특별시 용산구 후암동 두텁바위로60길 33 ","어린이안전","37.54959","126.98311","1","2019-12-12"
"용산구","서울특별시 용산구 후암동 소월로 132 독일문화원","어린이안전","37.550412","126.982464","1","2019-12-12"
"용산구","서울특별시 용산구 서계동 청파로73길 36 ","어린이안전","37.550483","126.967674","1","2019-12-12"
"용산구","서울특별시 용산구 후암동 두텁바위로61길 10 나오스빌","어린이안전","37.550546","126.980887","2","2019-12-12"
"용산구","서울특별시 용산구 후암동 두텁바위로 135 ","어린이안전","37.551595","126.98119","2","2019-12-12"
"용산구","서울특별시 용산구 후암동 두텁바위로 147 티엠타운","어린이안전","37.551696","126.980109","1","2019-12-12"
"용산구","서울특별시 용산구 후암동 두텁바위로 173 후암빌라","어린이안전","37.552309","126.978312","2","2019-12-12"